raw_filename,organized_path,year_dir,series,paper,doctype,size_bytes,sha256_16
1BS0_01_msc_20210211.pdf,organized/2020/Edexcel-GCSE-Business-1BS0-Nov2020-Paper01-MarkScheme.pdf,2020,Nov2020,01,MarkScheme,252040,7b7622e11b75462c
1BS0_01_pef_20190822.pdf,organized/2019/Edexcel-GCSE-Business-1BS0-June2019-Paper01-ExaminerReport.pdf,2019,June2019,01,ExaminerReport,3906865,5df25d4ed400773d
1BS0_01_pef_20210211.pdf,organized/2020/Edexcel-GCSE-Business-1BS0-Nov2020-Paper01-ExaminerReport.pdf,2020,Nov2020,01,ExaminerReport,177921,1ec753e3cea507bf
1BS0_01_pef_20220224.pdf,organized/2021/Edexcel-GCSE-Business-1BS0-Nov2021-Paper01-ExaminerReport.pdf,2021,Nov2021,01,ExaminerReport,177641,65404a6bedb64e03
1BS0_01_que_20190525.pdf,organized/2019/Edexcel-GCSE-Business-1BS0-June2019-Paper01-QuestionPaper.pdf,2019,June2019,01,QuestionPaper,873023,33dc4851abcc34dd
1BS0_01_que_20201110.pdf,organized/2020/Edexcel-GCSE-Business-1BS0-Nov2020-Paper01-QuestionPaper.pdf,2020,Nov2020,01,QuestionPaper,927820,d2121e4e44b63047
1BS0_01_que_20211123.pdf,organized/2021/Edexcel-GCSE-Business-1BS0-Nov2021-Paper01-QuestionPaper.pdf,2021,Nov2021,01,QuestionPaper,848914,efefe6aeeeef058a
1BS0_01_rms_20190822.pdf,organized/2019/Edexcel-GCSE-Business-1BS0-June2019-Paper01-MarkScheme.pdf,2019,June2019,01,MarkScheme,330208,d917dd622eea44cb
1BS0_01_rms_20220224.pdf,organized/2021/Edexcel-GCSE-Business-1BS0-Nov2021-Paper01-MarkScheme.pdf,2021,Nov2021,01,MarkScheme,296596,f8f2c2b7d9800018
1BS0_02_msc_20210211.pdf,organized/2020/Edexcel-GCSE-Business-1BS0-Nov2020-Paper02-MarkScheme.pdf,2020,Nov2020,02,MarkScheme,274060,022a24ec5a11f93a
1BS0_02_pef_20190822.pdf,organized/2019/Edexcel-GCSE-Business-1BS0-June2019-Paper02-ExaminerReport.pdf,2019,June2019,02,ExaminerReport,4242543,4f8374bf4bea8e75
1BS0_02_pef_20210211.pdf,organized/2020/Edexcel-GCSE-Business-1BS0-Nov2020-Paper02-ExaminerReport.pdf,2020,Nov2020,02,ExaminerReport,174665,993ce39e14bcdf74
1BS0_02_que_20190605.pdf,organized/2019/Edexcel-GCSE-Business-1BS0-June2019-Paper02-QuestionPaper.pdf,2019,June2019,02,QuestionPaper,1718118,567471d22cadbf55
1BS0_02_que_20201117.pdf,organized/2020/Edexcel-GCSE-Business-1BS0-Nov2020-Paper02-QuestionPaper.pdf,2020,Nov2020,02,QuestionPaper,914699,2991d8ac40b38c7e
1BS0_02_que_20211127.pdf,organized/2021/Edexcel-GCSE-Business-1BS0-Nov2021-Paper02-QuestionPaper.pdf,2021,Nov2021,02,QuestionPaper,1153666,1b05bc349c1c6506
1BS0_02_rms_20190822.pdf,organized/2019/Edexcel-GCSE-Business-1BS0-June2019-Paper02-MarkScheme.pdf,2019,June2019,02,MarkScheme,233879,93107ea135b7fb94
1BS0_02_rms_20220224.pdf,organized/2021/Edexcel-GCSE-Business-1BS0-Nov2021-Paper02-MarkScheme.pdf,2021,Nov2021,02,MarkScheme,284517,53303eb31642a452
1bs0-01-pef-20220825.pdf,organized/2022/Edexcel-GCSE-Business-1BS0-June2022-Paper01-ExaminerReport.pdf,2022,June2022,01,ExaminerReport,4886997,9eea41b95e79c8b5
1bs0-01-pef-20230824.pdf,organized/2023/Edexcel-GCSE-Business-1BS0-June2023-Paper01-ExaminerReport.pdf,2023,June2023,01,ExaminerReport,5704339,3da2124ea18aad73
1bs0-01-pef-20240822.pdf,organized/2024/Edexcel-GCSE-Business-1BS0-June2024-Paper01-ExaminerReport.pdf,2024,June2024,01,ExaminerReport,6791205,4bb09d50df856fa0
1bs0-01-que-20220521.pdf,organized/2022/Edexcel-GCSE-Business-1BS0-June2022-Paper01-QuestionPaper.pdf,2022,June2022,01,QuestionPaper,878031,37e0d3f0f30e49b4
1bs0-01-que-20230519.pdf,organized/2023/Edexcel-GCSE-Business-1BS0-June2023-Paper01-QuestionPaper.pdf,2023,June2023,01,QuestionPaper,1101393,1cbcfba3725a3a03
1bs0-01-que-20240515.pdf,organized/2024/Edexcel-GCSE-Business-1BS0-June2024-Paper01-QuestionPaper.pdf,2024,June2024,01,QuestionPaper,829826,f3495afc36f3a080
1bs0-01-rms-20220825.pdf,organized/2022/Edexcel-GCSE-Business-1BS0-June2022-Paper01-MarkScheme.pdf,2022,June2022,01,MarkScheme,275829,d7a704b2b08bc3cf
1bs0-01-rms-20230824.pdf,organized/2023/Edexcel-GCSE-Business-1BS0-June2023-Paper01-MarkScheme.pdf,2023,June2023,01,MarkScheme,327249,952dbdab75ddab54
1bs0-01-rms-20240822.pdf,organized/2024/Edexcel-GCSE-Business-1BS0-June2024-Paper01-MarkScheme.pdf,2024,June2024,01,MarkScheme,329582,5bb90c356bf103ce
1bs0-02-pef-20220224.pdf,organized/2021/Edexcel-GCSE-Business-1BS0-Nov2021-Paper02-ExaminerReport.pdf,2021,Nov2021,02,ExaminerReport,178578,5dd3733697e0e936
1bs0-02-pef-20220825.pdf,organized/2022/Edexcel-GCSE-Business-1BS0-June2022-Paper02-ExaminerReport.pdf,2022,June2022,02,ExaminerReport,5769686,3aa78a7258499c86
1bs0-02-pef-20230824.pdf,organized/2023/Edexcel-GCSE-Business-1BS0-June2023-Paper02-ExaminerReport.pdf,2023,June2023,02,ExaminerReport,5926575,d7aaa9e9b238e524
1bs0-02-pef-20240822.pdf,organized/2024/Edexcel-GCSE-Business-1BS0-June2024-Paper02-ExaminerReport.pdf,2024,June2024,02,ExaminerReport,5743475,60fe0861711fac9f
1bs0-02-que-20220614.pdf,organized/2022/Edexcel-GCSE-Business-1BS0-June2022-Paper02-QuestionPaper.pdf,2022,June2022,02,QuestionPaper,1341042,8c29003001ad44a2
1bs0-02-que-20230613.pdf,organized/2023/Edexcel-GCSE-Business-1BS0-June2023-Paper02-QuestionPaper.pdf,2023,June2023,02,QuestionPaper,793165,2b5e3575bbe93074
1bs0-02-que-20240606.pdf,organized/2024/Edexcel-GCSE-Business-1BS0-June2024-Paper02-QuestionPaper.pdf,2024,June2024,02,QuestionPaper,2281911,8e358c23ac5737e9
1bs0-02-rms-20220825.pdf,organized/2022/Edexcel-GCSE-Business-1BS0-June2022-Paper02-MarkScheme.pdf,2022,June2022,02,MarkScheme,300023,f42dc56e77af25f8
1bs0-02-rms-20230824.pdf,organized/2023/Edexcel-GCSE-Business-1BS0-June2023-Paper02-MarkScheme.pdf,2023,June2023,02,MarkScheme,268174,28fa37ff338072f1
1bs0-02-rms-20240822.pdf,organized/2024/Edexcel-GCSE-Business-1BS0-June2024-Paper02-MarkScheme.pdf,2024,June2024,02,MarkScheme,330712,e976d35606eab843
A0794a-GCSE-Business-Switching-Guide.pdf,organized/teaching/Edexcel-GCSE-Business-1BS0-SwitchingGuide.pdf,teaching,SwitchingGuide,,OtherMaterial,2132900,8b8e1c3a81b125fc
GCSE_Business_Subject_Guide.pdf,organized/teaching/Edexcel-GCSE-Business-1BS0-SubjectGuide.pdf,teaching,SubjectGuide,,OtherMaterial,235714,38990c6ea680cb87
GCSE_Business_exemplars_-_marked_student_responses_with_examiner_commentaryv2.pdf,organized/teaching/Edexcel-GCSE-Business-1BS0-Exemplars.pdf,teaching,Exemplars,,OtherMaterial,2301895,aa36a232a722e93d
PearsonEdexcel_GCSE_Business_9-mark_modelanswers_v4.pdf,organized/teaching/Edexcel-GCSE-Business-1BS0-9MarkModelAnswers.pdf,teaching,ModelAnswers,,OtherMaterial,317679,83015fd8524eadae
gcse-9-1-business-1bs0-getting-started-guide.pdf,organized/teaching/Edexcel-GCSE-Business-1BS0-GettingStartedGuide.pdf,teaching,GettingStarted,,OtherMaterial,1168465,910e4c0115d30ecf
gcse-business-booklet-guidance-v1.pdf,organized/teaching/Edexcel-GCSE-Business-1BS0-BookletGuidance.pdf,teaching,BookletGuidance,,OtherMaterial,922142,ff982376f3b23662
gcse-business-resource-bank-22-23.pdf,organized/teaching/Edexcel-GCSE-Business-1BS0-ResourceBank-22-23.pdf,teaching,ResourceBank,,OtherMaterial,4770831,da6f424c798856ee
gcse-business-spec-2017.pdf,organized/specimen/Edexcel-GCSE-Business-1BS0-Specification.pdf,specimen,Specification,,Specification,532654,f35ee37062781737
gcse-business-studies-paper-1-case-study-1.pdf,organized/teaching/Edexcel-GCSE-Business-1BS0-PracticeCaseStudy-Paper01-CS1.pdf,teaching,PracticeCaseStudy,01,OtherMaterial,465904,12ec4039a697fd31
gcse-business-studies-paper-1-case-study-2.pdf,organized/teaching/Edexcel-GCSE-Business-1BS0-PracticeCaseStudy-Paper01-CS2.pdf,teaching,PracticeCaseStudy,01,OtherMaterial,585630,c086c17cf56bac70
gcse-business-studies-paper-1-case-study-3.pdf,organized/teaching/Edexcel-GCSE-Business-1BS0-PracticeCaseStudy-Paper01-CS3.pdf,teaching,PracticeCaseStudy,01,OtherMaterial,661940,2086b09939271ea7
gcse-business-studies-paper-2-case-study-1.pdf,organized/teaching/Edexcel-GCSE-Business-1BS0-PracticeCaseStudy-Paper02-CS1.pdf,teaching,PracticeCaseStudy,02,OtherMaterial,610292,e4749b0dcb0e0189
gcse-business-studies-paper-2-case-study-2.pdf,organized/teaching/Edexcel-GCSE-Business-1BS0-PracticeCaseStudy-Paper02-CS2.pdf,teaching,PracticeCaseStudy,02,OtherMaterial,465670,78b2944f7ff46609
gcse-business-studies-paper-2-case-study-3.pdf,organized/teaching/Edexcel-GCSE-Business-1BS0-PracticeCaseStudy-Paper02-CS3.pdf,teaching,PracticeCaseStudy,02,OtherMaterial,460473,cddf4119427b52cc
gcse-summer-2025-final.pdf,organized/support/Edexcel-gcse-summer-2025-final.pdf,support,Timetable,,OtherMaterial,1628613,26ad398505132ea0
gcse-summer-2026-final.pdf,organized/support/Edexcel-gcse-summer-2026-final.pdf,support,Timetable,,OtherMaterial,280797,ca2d7ea6b8cddb9c
gcse_business_specimen_1_paper_2_mark_scheme.pdf,organized/specimen/Edexcel-GCSE-Business-1BS0-SpecimenSet1-Paper02-SpecimenMarkScheme.pdf,specimen,SpecimenSet1,02,SpecimenMarkScheme,61894,4ce4afb0a7a101e1
gcse_business_specimen_papers_set_2_paper_1_mark_scheme.pdf,organized/specimen/Edexcel-GCSE-Business-1BS0-SpecimenSet2-Paper01-SpecimenMarkScheme.pdf,specimen,SpecimenSet2,01,SpecimenMarkScheme,65406,925a8831b0747adb
gcse_business_specimen_papers_set_2_paper_1_question_paper_1.pdf,organized/specimen/Edexcel-GCSE-Business-1BS0-SpecimenSet2-Paper01-SpecimenQuestionPaper.pdf,specimen,SpecimenSet2,01,SpecimenQuestionPaper,1441047,710b4fbcf94e225b
gcse_business_specimen_papers_set_2_paper_2_mark_scheme.pdf,organized/specimen/Edexcel-GCSE-Business-1BS0-SpecimenSet2-Paper02-SpecimenMarkScheme.pdf,specimen,SpecimenSet2,02,SpecimenMarkScheme,61724,28c5fdabd3dbb115
grade-boundaries-june-2024-gcse.pdf,organized/support/Edexcel-GCSE-grade-boundaries-june-2024-gcse.pdf,support,GradeBoundaries,,OtherMaterial,394949,403eff5e8824aab3
grade-boundaries-june-2025-gcse.pdf,organized/support/Edexcel-GCSE-grade-boundaries-june-2025-gcse.pdf,support,GradeBoundaries,,OtherMaterial,423052,68230dc99d8a9f83
grade-boundaries-june-2025-notional-component-gcse.pdf,organized/support/Edexcel-GCSE-grade-boundaries-june-2025-notional-component-gcse.pdf,support,GradeBoundaries,,OtherMaterial,455494,af301f37ef14ca8f
grade-boundaries-november-2024-gcse.pdf,organized/support/Edexcel-GCSE-grade-boundaries-november-2024-gcse.pdf,support,GradeBoundaries,,OtherMaterial,341253,fda6336bedcee5bc
pearson-edexcel-gcse-(9-1)-business-sams.pdf,organized/specimen/Edexcel-GCSE-Business-1BS0-SpecimenSet1-SAMs-Combined.pdf,specimen,SpecimenSet1,,SpecimenQuestionPaper,5354304,ccf47402e4c1c6b8
pearson-edexcel-gcse-business-2021-paper1-questionpaper-newformat.pdf,organized/teaching/Edexcel-GCSE-Business-1BS0-2021NewFormatPracticePaper-Paper01.pdf,teaching,PracticePaper,01,OtherMaterial,383626,23d6552421b7514c
pearson-edexcel-gcse-business-resource-map.pdf,organized/teaching/Edexcel-GCSE-Business-1BS0-ResourceMap.pdf,teaching,ResourceMap,,OtherMaterial,250230,bfe30579d9fc4370
